no_ies,grau_academico,tp_rede,n_matricula
UNIVERSIDADE PAULISTA,Bacharelado,Privada,133306
UNIVERSIDADE NOVE DE JULHO,Bacharelado,Privada,90794
UNIVERSIDADE ANHEMBI MORUMBI,Bacharelado,Privada,49809
UNIVERSIDADE CRUZEIRO DO SUL,Bacharelado,Privada,41689
UNIVERSIDADE PAULISTA,Tecnológico,Privada,39266
UNIVERSIDADE ANHEMBI MORUMBI,Tecnológico,Privada,33522
UNIVERSIDADE NOVE DE JULHO,Tecnológico,Privada,32190
UNIVERSIDADE PRESBITERIANA MACKENZIE,Bacharelado,Privada,23697
UNIVERSIDADE PAULISTA,Licenciatura,Privada,21269
UNIVERSIDADE NOVE DE JULHO,Licenciatura,Privada,19715
UNIVERSIDADE CRUZEIRO DO SUL,Tecnológico,Privada,15424
UNIVERSIDADE ESTADUAL DE CAMPINAS,Bacharelado,Pública,14956
UNIVERSIDADE SANTO AMARO,Bacharelado,Privada,14174
UNIVERSIDADE DE FRANCA,Bacharelado,Privada,13461
UNIVERSIDADE CRUZEIRO DO SUL,Licenciatura,Privada,9416
UNIVERSIDADE DO OESTE PAULISTA,Bacharelado,Privada,9156
UNIVERSIDADE DE MOGI DAS CRUZES,Bacharelado,Privada,8393
Universidade Universus Veritas Guarulhos,Bacharelado,Privada,7244
UNIVERSIDADE ANHEMBI MORUMBI,Licenciatura,Privada,7152
UNIVERSIDADE DE SOROCABA,Bacharelado,Privada,6273
UNIVERSIDADE DE ARARAQUARA,Bacharelado,Privada,5980
UNIVERSIDADE BRASIL,Bacharelado,Privada,5605
UNIVERSIDADE DE FRANCA,Licenciatura,Privada,5040
ESCOLA SUPERIOR DE PROPAGANDA E MARKETING,Bacharelado,Privada,4554
UNIVERSIDADE DE FRANCA,Tecnológico,Privada,4172
UNIVERSIDADE METROPOLITANA DE SANTOS,Licenciatura,Privada,4032
UNIVERSIDADE SANTO AMARO,Tecnológico,Privada,3952
UNIVERSIDADE SANTO AMARO,Licenciatura,Privada,3941
UNIVERSIDADE ESTADUAL DE CAMPINAS,Licenciatura,Pública,3772
INSPER INSTITUTO DE ENSINO E PESQUISA,Bacharelado,Privada,3231
UNIVERSIDADE METROPOLITANA DE SANTOS,Bacharelado,Privada,3222
FACULDADE IMPACTA,Tecnológico,Privada,3113
FACULDADE DE AMERICANA,Bacharelado,Privada,2855
FACULDADE SANTA MARCELINA,Bacharelado,Privada,2791
UNIVERSIDADE PRESBITERIANA MACKENZIE,Tecnológico,Privada,2651
FACULDADE ESAMC SANTOS,Bacharelado,Privada,2356
FACULDADE ANHANGUERA DE GUARULHOS,Bacharelado,Privada,2311
Universidade Universus Veritas Guarulhos,Tecnológico,Privada,2187
FACULDADE DE TECNOLOGIA DE SOROCABA,Tecnológico,Pública,2139
FACULDADE DE TECNOLOGIA ZONA LESTE,Tecnológico,Pública,2010
FACULDADE DE TECNOLOGIA RUBENS LARA,Tecnológico,Pública,1943
FACULDADES INTEGRADAS DE BAURU,Bacharelado,Privada,1775
FACULDADES INTEGRADAS EINSTEIN DE LIMEIRA,Bacharelado,Privada,1760
FACULDADES OSWALDO CRUZ,Bacharelado,Privada,1758
FACULDADE DE TECONOLOGIA DA ZONA SUL,Tecnológico,Pública,1646
UNIVERSIDADE DE MOGI DAS CRUZES,Tecnológico,Privada,1618
INSTITUTO MUNICIPAL DE ENSINO SUPERIOR DE ASSIS,Bacharelado,Pública,1568
FACULDADE NOVE DE JULHO DE OSASCO,Bacharelado,Privada,1553
FACULDADE ENGENHEIRO SALVADOR ARENA,Bacharelado,Privada,1513
FACULDADE DE DIREITO DE FRANCA,Bacharelado,Pública,1504
FACULDADE DE TECNOLOGIA DE PRAIA GRANDE,Tecnológico,Pública,1498
FACULDADES INTEGRADAS CAMPOS SALLES,Bacharelado,Privada,1485
Faculdade de Tecnologia de Carapicuiba,Tecnológico,Pública,1477
ESCOLA DE ENGENHARIA DE PIRACICABA,Bacharelado,Pública,1381
Faculdade de Tecnologia do Ipiranga,Tecnológico,Pública,1379
Faculdade de Tecnologia de Barueri,Tecnológico,Pública,1372
FACULDADE DE TECNOLOGIA DE OURINHOS,Tecnológico,Pública,1323
FACULDADE DE TECNOLOGIA DE INDAIATUBA,Tecnológico,Pública,1310
Faculdade de Tecnologia Dr. Thomaz Novelino,Tecnológico,Pública,1305
Faculdade de Tecnologia de Osasco - Prefeito Hirant Sanazar,Tecnológico,Pública,1290
UNIVERSIDADE METODISTA DE PIRACICABA,Bacharelado,Privada,1253
UNIVERSIDADE PRESBITERIANA MACKENZIE,Licenciatura,Privada,1222
Faculdade de Tecnologia de Mogi das Cruzes,Tecnológico,Pública,1187
Faculdade de Tecnologia de Itaquera,Tecnológico,Pública,1181
FACULDADE DE TECNOLOGIA DE TAQUARITINGA,Tecnológico,Pública,1163
UNIVERSIDADE NOVE DE JULHO,Não aplica,Privada,1160
FACULDADE ESAMC SOROCABA,Bacharelado,Privada,1157
FACULDADES DE CAMPINAS,Bacharelado,Privada,1148
Faculdade Auden Educacional,Bacharelado,Privada,1131
FACULDADE IMPACTA,Bacharelado,Privada,1115
Universidade Universus Veritas Guarulhos,Licenciatura,Privada,1111
FACULDADE DE TECNOLOGIA DE BOTUCATU,Tecnológico,Pública,1102
FACULDADE DOUTOR FRANCISCO MAEDA,Bacharelado,Privada,1097
Faculdade de Tecnologia de Campinas,Tecnológico,Pública,1073
FACULDADE DE TECNOLOGIA DE JAHU,Tecnológico,Pública,1052
Faculdade de Tecnologia de Guarulhos,Tecnológico,Pública,1024
Faculdade Auden Educacional,Tecnológico,Privada,1018
Faculdade Galileu,Bacharelado,Privada,1013
FACULDADE ESAMC CAMPINAS,Bacharelado,Privada,1003
FACULDADE DA ALTA PAULISTA,Bacharelado,Privada,978
Faculdade de Tecnologia de Itaquaquecetuba,Tecnológico,Pública,942
UNIVERSIDADE IBIRAPUERA,Bacharelado,Privada,938
UNIVERSIDADE DO OESTE PAULISTA,Tecnológico,Privada,923
Faculdade FIPECAFI,Bacharelado,Privada,872
Faculdade de Tecnologia de Pindamonhangaba,Tecnológico,Pública,814
FACULDADE DE TECNOLOGIA DE PRESIDENTE PRUDENTE,Tecnológico,Pública,813
Faculdade de Tecnologia Sebrae,Tecnológico,Pública,779
FACULDADE DE DIREITO DE SOROCABA,Bacharelado,Privada,776
FACULDADE DO LITORAL SUL PAULISTA,Bacharelado,Privada,774
Faculdade de Tecnologia de Cotia,Tecnológico,Pública,767
FACULDADE MARECHAL RONDON,Bacharelado,Privada,759
UNIVERSIDADE METROPOLITANA DE SANTOS,Tecnológico,Privada,756
UNIVERSIDADE DE UBERABA,Licenciatura,Privada,751
Fatec Arthur Azevedo - Mogi Mirim,Tecnológico,Pública,749
UNIVERSIDADE BRASIL,Licenciatura,Privada,748
FACULDADE DE ENSINO SUPERIOR DO INTERIOR PAULISTA,Bacharelado,Privada,747
Faculdade de Tecnologia Dom Amaury Castanho,Tecnológico,Pública,741
Faculdade Unyleya,Tecnológico,Privada,723
FACULDADE ANHANGUERA DE OSASCO,Tecnológico,Privada,717
FACULDADE CERES,Bacharelado,Privada,714
FACULDADE ZUMBI DOS PALMARES,Bacharelado,Privada,701
FACULDADES INTEGRADAS DE JAHU,Bacharelado,Privada,696
Faculdade de Tecnologia de Bauru,Tecnológico,Pública,695
FACULDADE DE TECNOLOGIA DE PIRACICABA,Bacharelado,Privada,693
Faculdade de Tecnologia de Catanduva,Tecnológico,Pública,674
Fatec Cruzeiro - Prof. Waldomiro May,Tecnológico,Pública,671
STRONG BUSINESS SCHOOL,Bacharelado,Privada,671
Faculdade Anhanguera de Indaiatuba,Bacharelado,Privada,668
Faculdade de Tecnologia de Piracicaba,Tecnológico,Pública,660
FACULDADE BARRETOS,Bacharelado,Privada,653
FACULDADE ESCOLA PAULISTA DE DIREITO,Bacharelado,Privada,641
Faculdade de Tecnologia de Jales,Tecnológico,Pública,641
FACULDADE DE ENSINO SUPERIOR SANTA BARBARA,Bacharelado,Privada,631
FACULDADES INTEGRADAS DE ITAPETININGA,Bacharelado,Privada,626
FACULDADE FLAMINGO,Tecnológico,Privada,622
FACULDADES DE DRACENA,Bacharelado,Pública,622
Faculdade de Tecnologia de Pompeia - Shunji Nishimura,Tecnológico,Pública,619
FACULDADE DE TECNOLOGIA DE MOCOCA,Tecnológico,Pública,611
FACULDADE NOVE DE JULHO GUARULHOS,Bacharelado,Privada,603
UNIVERSIDADE DE SOROCABA,Tecnológico,Privada,602
INSTITUTO ITAPETININGANO DE ENSINO SUPERIOR,Bacharelado,Privada,593
FACULDADE ANHANGUERA DE VALINHOS,Bacharelado,Privada,592
Faculdade FABAD,Bacharelado,Privada,564
UNIVERSIDADE DE ARARAQUARA,Tecnológico,Privada,558
UNIVERSIDADE CRUZEIRO DO SUL,Não aplica,Privada,517
Faculdade de Tecnologia de Diadema Luigi Papaiz,Tecnológico,Pública,515
FACULDADES INTEGRADAS CAMPOS SALLES,Tecnológico,Privada,514
FACULDADE FINACI,Bacharelado,Privada,513
FACULDADE ANHANGUERA DE ITAPECERICA DA SERRA,Bacharelado,Privada,496
FACULDADE DE SUZANO,Bacharelado,Privada,489
FACULDADES INTEGRADAS RUI BARBOSA,Bacharelado,Privada,485
Faculdade de Tecnologia de Araraquara,Tecnológico,Pública,482
UNIVERSIDADE DO OESTE PAULISTA,Licenciatura,Privada,477
Faculdade de Tecnologia de Itapira,Tecnológico,Pública,469
FACULDADE REGES DE DRACENA,Bacharelado,Privada,458
FACULDADE ANHANGUERA DE OSASCO,Bacharelado,Privada,448
UNIVERSIDADE DE SOROCABA,Licenciatura,Privada,446
Faculdade Educamais,Bacharelado,Privada,442
Faculdade ANCLIVEPA,Bacharelado,Privada,441
Faculdade Cleber Leite,Bacharelado,Privada,440
FACULDADE ANHANGUERA DE PINDAMONHANGABA,Bacharelado,Privada,438
UNIVERSIDADE DE UBERABA,Tecnológico,Privada,433
Faculdade de Tecnologia Estudante Rafael Almeida Camarinha - Marilia,Tecnológico,Pública,430
FACULDADE DE AMERICANA,Tecnológico,Privada,430
UNIVERSIDADE DE UBERABA,Bacharelado,Privada,420
Faculdade de Botucatu,Bacharelado,Privada,414
Faculdade Unyleya,Licenciatura,Privada,408
Faculdade de Tecnologia de Ferraz de Vasconcelos,Tecnológico,Pública,408
FACULDADE FLAMINGO,Bacharelado,Privada,402
FACULDADE FLAMINGO,Licenciatura,Privada,394
FACULDADES INTEGRADAS MARIA IMACULADA,Bacharelado,Privada,394
Link School of Business,Bacharelado,Privada,372
FACULDADE ESAMC SOROCABA,Tecnológico,Privada,369
INSTITUTO MUNICIPAL DE ENSINO SUPERIOR DE CATANDUVA,Bacharelado,Pública,368
FACULDADE DE TECNOLOGIA DE FRANCO DA ROCHA,Tecnológico,Pública,366
FACULDADES INTEGRADAS CAMPOS SALLES,Licenciatura,Privada,343
ESCOLA SUPERIOR NACIONAL DE SEGUROS,Tecnológico,Privada,341
Faculdade de Tecnologia de Assis,Tecnológico,Pública,338
Centro de Ensino Superior de Lorena,Bacharelado,Privada,336
UNIVERSIDADE ESTADUAL DE CAMPINAS,Tecnológico,Pública,328
INSTITUTO MATONENSE MUNICIPAL DE ENSINO SUPERIOR,Bacharelado,Privada,322
FACULDADE FACCAT,Bacharelado,Privada,321
FACULDADE ESAMC SANTOS,Tecnológico,Privada,318
UNIVERSIDADE DE FRANCA,Não aplica,Privada,315
FACULDADE DE TECNOLOGIA JARDIM,Bacharelado,Privada,312
Instituto de Serra Dourada,Bacharelado,Privada,310
ESCOLA SUPERIOR ABERTA DO BRASIL,Bacharelado,Privada,308
FACULDADE DE TECNOLOGIA JARDIM,Tecnológico,Privada,307
UNIVERSIDADE DE MOGI DAS CRUZES,Licenciatura,Privada,303
FACULDADE ITEANA DE BOTUCATU,Bacharelado,Privada,299
FACULDADE ANHANGUERA DE OSASCO,Licenciatura,Privada,295
FACULDADE PERUIBE,Bacharelado,Privada,291
ESCOLA DA CIDADE - FACULDADE DE ARQUITETURA E URBANISMO,Bacharelado,Privada,286
FACULDADE GENNARI E PEARTREE,Bacharelado,Privada,279
FACULDADE NOVE DE JULHO DE BAURU,Bacharelado,Privada,275
Faculdade de Tecnologia de Araras,Tecnológico,Pública,272
FACULDADE SANTA MARCELINA,Tecnológico,Privada,272
Faculdade Educamais,Licenciatura,Privada,271
Faculdade Educamais,Tecnológico,Privada,265
INSTITUTO TAQUARITINGUENSE DE ENSINO SUPERIOR DR. ARISTIDES DE CARVALHO SCHLOBACH,Bacharelado,Privada,264
UNIVERSIDADE DE ARARAQUARA,Licenciatura,Privada,253
Istituto Europeo di Design,Bacharelado,Privada,252
Faculdade de Tecnologia de Itatiba,Tecnológico,Pública,251
FACULDADES INTEGRADAS STELLA MARIS DE ANDRADINA,Bacharelado,Privada,243
FACULDADE PRAIA GRANDE,Bacharelado,Privada,243
FACULDADE VANGUARDA,Bacharelado,Privada,234
FACULDADE CONECTADA FACONNECT,Licenciatura,Privada,230
Faculdade Embu das Artes,Bacharelado,Privada,225
FACULDADES INTEGRADAS DE ARARAQUARA,Bacharelado,Privada,222
Faculdade de Tecnologia de Adamantina,Tecnológico,Pública,219
FACULDADES INTEGRADAS SOARES DE OLIVEIRA,Licenciatura,Privada,216
FACULDADE BERTIOGA,Bacharelado,Privada,211
Faculdade ENAU,Licenciatura,Privada,209
Faculdade Anhanguera Franca,Bacharelado,Privada,209
FACULDADE DE TECNOLOGIA SENAI ROBERTO MANGE,Tecnológico,Privada,200
FACULDADE PASCHOAL DANTAS,Licenciatura,Privada,198
FACULDADE DE TECNOLOGIA DE PIRACICABA,Tecnológico,Privada,186
Faculdade de Tecnologia Jorge Caram Sabbag,Tecnológico,Pública,186
Faculdade ENAU,Bacharelado,Privada,180
FACULDADE DO LITORAL SUL PAULISTA,Licenciatura,Privada,178
FACULDADE ANHANGUERA DE GUARULHOS,Tecnológico,Privada,175
Centro de Ensino Superior de Serra Dourada,Bacharelado,Privada,173
FACULDADE IMESP MONITOR,Bacharelado,Privada,173
FACULDADE FUTURA,Licenciatura,Privada,172
FACULDADE ANHANGUERA DE RIO CLARO,Bacharelado,Privada,167
FACULDADE REGES DE OSVALDO CRUZ,Bacharelado,Privada,165
FACULDADES INTEGRADAS EINSTEIN DE LIMEIRA,Tecnológico,Privada,161
FACULDADE IBRA DE TECNOLOGIA,Tecnológico,Privada,159
FACULDADE UNITERP,Bacharelado,Privada,158
FACULDADE DEHONIANA,Bacharelado,Privada,154
Faculdade Unyleya,Bacharelado,Privada,147
FACULDADE DIADEMA,Bacharelado,Privada,145
FACULDADE CIDADE LUZ,Bacharelado,Privada,142
STRONG BUSINESS SCHOOL BS,Bacharelado,Privada,141
FACULDADE ESAMC CAMPINAS,Tecnológico,Privada,141
UNIVERSIDADE ESTADUAL DE CAMPINAS,Não aplica,Pública,139
Faculdade do Centro Oeste Paulista,Bacharelado,Privada,138
FACULDADE PASCHOAL DANTAS,Bacharelado,Privada,137
FACULDADE DE AMERICANA,Licenciatura,Privada,134
FACULDADE ANHANGUERA DE GUARULHOS,Licenciatura,Privada,132
Faculdade Van Gogh,Bacharelado,Privada,132
FACULDADE FAVENI GUARULHOS,Bacharelado,Privada,130
INSTITUTO MUNICIPAL DE ENSINO SUPERIOR DE ASSIS,Tecnológico,Pública,126
FACULDADE FINACI,Tecnológico,Privada,124
FACULDADE DE TECNOLOGIA OSWALDO CRUZ,Tecnológico,Privada,123
Faculdade de Araraquara,Bacharelado,Privada,122
FACULDADE DE AGUDOS,Licenciatura,Privada,121
Faculdade Fleming Cerquilho,Bacharelado,Privada,118
Faculdade Anhanguera de Itapeva,Bacharelado,Privada,117
FACULDADE DE FILOSOFIA E TEOLOGIA PAULO VI,Bacharelado,Privada,115
FACULDADE DE BOITUVA,Bacharelado,Privada,114
FACULDADES INTEGRADAS DE BOTUCATU,Bacharelado,Privada,112
INSTITUTO DE ENSINO SUPERIOR DE BAURU,Bacharelado,Privada,108
FACULDADE DE AGUDOS,Bacharelado,Privada,107
Faculdade CTA,Bacharelado,Privada,107
FACULDADE PAULISTA DE ARTES,Licenciatura,Privada,105
Faculdade Auden Educacional,Licenciatura,Privada,103
FACULDADE ASSOCIADA BRASIL,Licenciatura,Privada,101
FACULDADES INTEGRADAS EINSTEIN DE LIMEIRA,Licenciatura,Privada,100
FACULDADES DE DRACENA,Licenciatura,Pública,100
Faculdade FIPECAFI,Tecnológico,Privada,98
FACULDADE IBRA DE TECNOLOGIA,Bacharelado,Privada,97
Faculdade FAMART,Tecnológico,Privada,97
FACULDADES INTEGRADAS MARIA IMACULADA,Licenciatura,Privada,94
Faculdade Cultura Inglesa,Licenciatura,Privada,92
FACULDADE DE ROSEIRA,Bacharelado,Privada,90
FACULDADE FACCAT,Licenciatura,Privada,89
FACULDADE NETWORK,Bacharelado,Privada,88
FACULDADE DE TECNOLOGIA PAULISTA,Bacharelado,Privada,86
FACULDADE CASA BRANCA,Bacharelado,Privada,86
FACULDADE FUTURA,Bacharelado,Privada,84
UNIVERSIDADE IBIRAPUERA,Licenciatura,Privada,84
FACULDADE DE ENSINO SUPERIOR DO INTERIOR PAULISTA,Licenciatura,Privada,82
FACULDADE DE DRACENA,Bacharelado,Privada,80
FACULDADE DE CAIEIRAS,Bacharelado,Privada,80
Faculdade Rudolf Steiner,Licenciatura,Privada,80
FACULDADE XV DE AGOSTO,Bacharelado,Privada,79
FranklinCovey Business School,Tecnológico,Privada,79
Faculdade Multivix Serra,Tecnológico,Privada,79
FACULDADE REGES DE OSVALDO CRUZ,Licenciatura,Privada,79
Faculdade de Ensino Superior Paschoal Dantas,Bacharelado,Privada,77
FACULDADE MESSIANICA,Bacharelado,Privada,77
FACULDADE BIRIGUI,Bacharelado,Privada,77
FACULDADES INTEGRADAS DE ITAPETININGA,Licenciatura,Privada,76
FACULDADE DE TECNOLOGIA PAULISTA,Licenciatura,Privada,75
FACULDADE DE TECNOLOGIA SENAI FELIX GUISARD,Tecnológico,Privada,74
FACULDADES INTEGRADAS POTENCIAL,Licenciatura,Privada,73
Faculdade Sebrae,Bacharelado,Privada,73
Faculdade Anhanguera de Catanduva,Bacharelado,Privada,73
FACULDADE GENNARI E PEARTREE,Tecnológico,Privada,73
FACULDADE DE TECNOLOGIA SENAI GASPAR RICARDO JUNIOR,Tecnológico,Privada,71
ESCOLA SUPERIOR ABERTA DO BRASIL,Licenciatura,Privada,70
FACULDADE DE MIRASSOL,Bacharelado,Privada,70
UNIVERSIDADE DE UBERABA,Não aplica,Privada,69
FACULDADE INESP - INSTITUTO NACIONAL DE ENSINO E PESQUISA,Bacharelado,Privada,68
Escola Brasileira de Medicina Chinesa,Tecnológico,Privada,68
FACULDADES INTEGRADAS DE JAHU,Licenciatura,Privada,68
FACULDADES INTEGRADAS POTENCIAL,Bacharelado,Privada,66
FACULDADE SANTA RITA,Bacharelado,Privada,66
FACULDADE DE TECNOLOGIA SENAI NADIR DIAS DE FIGUEIREDO,Tecnológico,Privada,64
FACULDADE GENNARI E PEARTREE,Licenciatura,Privada,64
FACULDADE BERTIOGA,Licenciatura,Privada,64
UNIVERSIDADE BRASIL,Tecnológico,Privada,62
FACULDADE ANHANGUERA DE ITAPECERICA DA SERRA,Licenciatura,Privada,62
FACULDADE DOM RICARDO,Bacharelado,Privada,60
Faculdade Multivix Serra,Bacharelado,Privada,59
Faculdade Latino-americana,Bacharelado,Privada,59
Faculdade de Botucatu,Licenciatura,Privada,58
FACULDADE MESSIANICA,Licenciatura,Privada,57
FACULDADE DE ODONTOLOGIA DA APCD,Bacharelado,Privada,56
Faculdade ENAU,Tecnológico,Privada,55
FACULDADE INTEGRAL CANTAREIRA,Bacharelado,Privada,52
Faculdade FAMART,Licenciatura,Privada,51
STRONG BUSINESS SCHOOL,Tecnológico,Privada,50
INSTITUTO DE ENSINO SUPERIOR DE AMERICANA,Bacharelado,Privada,48
FACULDADE DE ENSINO SUPERIOR DO INTERIOR PAULISTA,Tecnológico,Privada,47
Faculdade Multivix Serra,Licenciatura,Privada,47
FACULDADES INTEGRADAS RIO BRANCO GRANJA VIANNA,Bacharelado,Privada,47
FACULDADES DE DRACENA,Tecnológico,Pública,44
FACULDADE ANHANGUERA DE ITAPECERICA DA SERRA,Tecnológico,Privada,43
UNIVERSIDADE METODISTA DE PIRACICABA,Licenciatura,Privada,42
FACULDADE DE TECNOLOGIA SAINT PAUL,Tecnológico,Privada,42
Faculdade de Ensino Superior Paschoal Dantas,Licenciatura,Privada,40
Faculdade Alis de Itabirito,Bacharelado,Privada,40
INSTITUTO TAQUARITINGUENSE DE ENSINO SUPERIOR DR. ARISTIDES DE CARVALHO SCHLOBACH,Licenciatura,Privada,38
Faculdade Galileu,Licenciatura,Privada,37
FACULDADE DE TAQUARITINGA,Bacharelado,Privada,37
FACULDADE VANGUARDA,Licenciatura,Privada,36
FACULDADE POLIS DAS ARTES,Licenciatura,Privada,35
FACULDADE PROGRESSO,Bacharelado,Privada,34
FACULDADE INTESP,Bacharelado,Privada,34
Faculdade de Tecnologia Senai Mario Amato,Tecnológico,Privada,34
FACULDADE DE PRESIDENTE VENCESLAU,Bacharelado,Privada,34
FACULDADE PERUIBE,Licenciatura,Privada,33
Faculdade FAMART,Bacharelado,Privada,33
FACULDADE SANTA MARCELINA,Licenciatura,Privada,33
FACULDADE DA ALTA PAULISTA,Tecnológico,Privada,32
FACULDADE DE SUZANO,Licenciatura,Privada,32
Faculdade Anhanguera de Itapetininga,Bacharelado,Privada,32
FACULDADE NETWORK,Licenciatura,Privada,31
FACULDADE ZUMBI DOS PALMARES,Tecnológico,Privada,30
FACULDADE PRAIA GRANDE,Licenciatura,Privada,30
Faculdade REGES de Tupi Paulista,Licenciatura,Privada,30
FACULDADES INTEGRADAS DE BAURU,Tecnológico,Privada,30
FACULDADES INTEGRADAS DE BOTUCATU,Licenciatura,Privada,30
FACULDADES OSWALDO CRUZ,Licenciatura,Privada,29
INSTITUTO MUNICIPAL DE ENSINO SUPERIOR DE ASSIS,Licenciatura,Pública,28
FACULDADE PROF. WLADEMIR DOS SANTOS,Licenciatura,Privada,28
Faculdade Cultura Inglesa,Bacharelado,Privada,28
FACULDADE DE AGUDOS,Tecnológico,Privada,27
Faculdade IPESSP,Tecnológico,Privada,26
FACULDADE XV DE AGOSTO,Licenciatura,Privada,26
ESCOLA SUPERIOR ABERTA DO BRASIL,Tecnológico,Privada,26
FACULDADES INTEGRADAS DE BOTUCATU,Não aplica,Privada,25
FACULDADE DOURADO,Licenciatura,Privada,25
Faculdade PECEGE,Tecnológico,Privada,24
Faculdade do Educador,Licenciatura,Privada,24
FACULDADES INTEGRADAS POTENCIAL,Tecnológico,Privada,24
FACULDADES INTEGRADAS RIO BRANCO,Bacharelado,Privada,23
FUNVIC - FACULDADE FUNVIC DE MOCOCA,Bacharelado,Privada,22
FACULDADE IBRA DE TECNOLOGIA,Licenciatura,Privada,22
FACULDADE DE TECNOLOGIA ALPHA CHANNEL,Tecnológico,Privada,22
FACULDADE SANTA RITA,Licenciatura,Privada,21
FACULDADE IMESP MONITOR,Tecnológico,Privada,20
Faculdade Associada Brasil - EAD,Licenciatura,Privada,20
FACULDADE ANHANGUERA DE VALINHOS,Licenciatura,Privada,19
FACULDADE PROMINAS DE MONTES CLAROS,Bacharelado,Privada,19
FACULDADES INTEGRADAS STELLA MARIS DE ANDRADINA,Licenciatura,Privada,19
Faculdade de Botucatu,Tecnológico,Privada,18
FACULDADE UNIMED,Tecnológico,Privada,18
FUNVIC - FACULDADE FUNVIC DE MOCOCA,Licenciatura,Privada,18
FACULDADE XV DE AGOSTO,Tecnológico,Privada,18
Faculdade REGES de Tupi Paulista,Bacharelado,Privada,17
FACULDADE QUALITTAS,Tecnológico,Privada,17
FACULDADE DE OSASCO,Bacharelado,Privada,17
Faculdade Anhanguera de Indaiatuba,Tecnológico,Privada,16
UNIVERSIDADE SALGADO DE OLIVEIRA,Bacharelado,Privada,16
FACULDADE DE PORTO FELIZ,Bacharelado,Privada,16
INSTITUTO ITAPETININGANO DE ENSINO SUPERIOR,Tecnológico,Privada,16
FACULDADE ZUMBI DOS PALMARES,Licenciatura,Privada,15
FACULDADE ANHANGUERA DE LIMEIRA,Bacharelado,Privada,15
FACULDADE BERTIOGA,Tecnológico,Privada,14
FACULDADE ROBERTO MIRANDA,Tecnológico,Privada,14
FACULDADE DE PORTO FELIZ,Tecnológico,Privada,14
Faculdade Embu das Artes,Licenciatura,Privada,14
FACULDADE FUTURA,Tecnológico,Privada,14
FACULDADE PAULISTA DE ARTES,Bacharelado,Privada,14
FACULDADE CASA BRANCA,Licenciatura,Privada,13
FACULDADE DYNAMUS DE CAMPINAS,Licenciatura,Privada,12
FACULDADES INTEGRADAS IPEP,Bacharelado,Privada,12
FACULDADE DE PORTO FELIZ,Licenciatura,Privada,12
FACULDADE ANHANGUERA DE VALINHOS,Tecnológico,Privada,11
FACULDADE INESP - INSTITUTO NACIONAL DE ENSINO E PESQUISA,Licenciatura,Privada,10
Faculdade Alis de Itabirito,Licenciatura,Privada,10
Faculdade Associada Brasil - EAD,Tecnológico,Privada,10
Faculdade PSICOLOG,Tecnológico,Privada,10
Faculdade Associada Brasil - EAD,Bacharelado,Privada,9
Faculdade Integrada Instituto Souza,Licenciatura,Privada,9
FACULDADES INTEGRADAS RIO BRANCO,Tecnológico,Privada,7
UNIVERSIDADE METODISTA DE PIRACICABA,Tecnológico,Privada,7
FACULDADE DE TECNOLOGIA IPEP DE CAMPINAS,Tecnológico,Privada,7
FACULDADE BOOKPLAY,Licenciatura,Privada,7
Fasul Educacional EaD,Licenciatura,Privada,7
FACULDADE PROMINAS DE MONTES CLAROS,Licenciatura,Privada,7
FACULDADE DE TECNOLOGIA PORTO SUL,Bacharelado,Privada,6
UNIVERSIDADE IBIRAPUERA,Tecnológico,Privada,6
FACULDADE DE ASSIS,Bacharelado,Privada,6
UNIVERSIDADE FEDERAL DE OURO PRETO,Licenciatura,Pública,6
FACULDADE FINACI,Licenciatura,Privada,6
FACULDADE PROGRESSO,Licenciatura,Privada,6
FACULDADE INESP - INSTITUTO NACIONAL DE ENSINO E PESQUISA,Tecnológico,Privada,5
INSTITUTO DE ENSINO SUPERIOR DE AMERICANA,Tecnológico,Privada,5
FACULDADES INTEGRADAS RUI BARBOSA,Licenciatura,Privada,5
UNIVERSIDADE FEDERAL DE OURO PRETO,Bacharelado,Pública,5
FACULDADE DE TECNOLOGIA FRANCISCO MORATO,Licenciatura,Privada,4
UNIVERSIDADE VILA VELHA,Tecnológico,Privada,3
FACULDADES INTEGRADAS SOARES DE OLIVEIRA,Bacharelado,Privada,3
FACULDADES INTEGRADAS RIO BRANCO,Licenciatura,Privada,3
UNIVERSIDADE SALGADO DE OLIVEIRA,Tecnológico,Privada,3
FACULDADE DE TECNOLOGIA FRANCISCO MORATO,Bacharelado,Privada,2
FACULDADE DE ILHA SOLTEIRA,Licenciatura,Privada,2
FACULDADE DE TECNOLOGIA PORTO SUL,Tecnológico,Privada,2
Faculdade Cetrus Sanar,Tecnológico,Privada,1
Faculdade Alis de Itabirito,Tecnológico,Privada,1
FACULDADE PROGRESSO,Tecnológico,Privada,1
FACULDADE DOM RICARDO,Tecnológico,Privada,1
FACULDADE ANHANGUERA DE LIMEIRA,Licenciatura,Privada,1
FACULDADE DIADEMA,Licenciatura,Privada,1
UNIVERSIDADE VILA VELHA,Bacharelado,Privada,1
FACULDADE DIADEMA,Tecnológico,Privada,1
Faculdade Integrada Instituto Souza,Tecnológico,Privada,1
UNIVERSIDADE FEDERAL DE JUIZ DE FORA,Licenciatura,Pública,1
FACULDADE DE ILHA SOLTEIRA,Bacharelado,Privada,1
FACULDADES INTEGRADAS DE BAURU,Licenciatura,Privada,1
Fasul Educacional EaD,Tecnológico,Privada,1
UNIVERSIDADE SALGADO DE OLIVEIRA,Licenciatura,Privada,0
Faculdade Ana Carolina Puga,Bacharelado,Privada,0
FACULDADES INTEGRADAS STELLA MARIS DE ANDRADINA,Tecnológico,Privada,0
FACULDADE ANHANGUERA DE LIMEIRA,Tecnológico,Privada,0
FACULDADE BIRIGUI,Licenciatura,Privada,0
FACULDADE DOM RICARDO,Licenciatura,Privada,0
FACULDADES INTEGRADAS RIO BRANCO GRANJA VIANNA,Tecnológico,Privada,0
FACULDADE DE TECNOLOGIA FRANCISCO MORATO,Tecnológico,Privada,0
Faculdade Ana Carolina Puga,Tecnológico,Privada,0
Fasul Educacional EaD,Bacharelado,Privada,0
FACULDADE DE TAQUARITINGA,Licenciatura,Privada,0
FACULDADE DE OSASCO,Licenciatura,Privada,0
FACULDADE PAULISTA DE ARTES,Tecnológico,Privada,0
FACULDADES INTEGRADAS DE BOTUCATU,Tecnológico,Privada,0
FACULDADE DE PRESIDENTE VENCESLAU,Licenciatura,Privada,0
FACULDADE DE BOITUVA,Licenciatura,Privada,0
INSTITUTO DE ENSINO SUPERIOR DE BAURU,Tecnológico,Privada,0
FACULDADE DE MIRASSOL,Licenciatura,Privada,0
FACULDADE DE CAIEIRAS,Licenciatura,Privada,0
FACULDADE DE BOITUVA,Tecnológico,Privada,0
INSTITUTO DE ENSINO SUPERIOR DE BAURU,Licenciatura,Privada,0
UNIVERSIDADE FEDERAL DE ALFENAS,Licenciatura,Pública,0
FACULDADE UNICPO,Licenciatura,Privada,0
FACULDADE DE ASSIS,Licenciatura,Privada,0
